Item,Price: 3 inches
Apatasaurus 1 Colorable Sticker,$3.00
Apatasaurus 2 Colorable Sticker,$3.00
Mushroom Colorable Sticker,$3.00
Hadrosaur Colorable Sticker,$3.00
Lion Colorable Sticker,$3.00
Fox Colorabe Sticker,$3.00
Flower Mandala Colorable Sticker,$3.00
Happy Camper Trees,$3.00
Happy Camper Smores,$3.00
Happy Camper Night Sky,$3.00
Happy Camper Mountain Lake,$3.00
Surfboards,$3.00
Snowboard,$3.00
Music,$3.00
Plant,$3.00
Books,$3.00
Emotional Supprt Plant Pink,$3.00
Emotional Support Plant Green,$3.00
Cactus Hugs,$3.00
Montane Big Hole,$3.00
Montana Horses,$3.00
Yellowstone Montana,$3.00
Montana 406,$3.00
Butte America,$3.00
Butte Headframe,$3.00
Utah Moab,$3.00
Idaho Landscape,$3.00
Idaho Harriman,$3.00
California Coastal Rocks,$3.00
California Monterey 1,$3.00
California Monterey 2,$3.00
California Redwoods,$3.00
Maine Lighthouse,$3.00
Alaska Northern Lights,$3.00
Alabama,$3.00
Arizona,$3.00
Halloween Queen,$3.00
Cartoon Dog,$3.00
Best Mom,$3.00
Cool Mom,$3.00
Abstract Landscape,$3.00
Send Love,$3.00
Happily Married,$3.00